ESU_DPS,MAJOR_POPULATION_GROUP,COMMON_POPULATION_NAME,SPECIES,RUN_TIMING,POPFIT,STREAM_NAME,BROOD_YEAR,NUMBER_OF_SPAWNERS,FRACWILD,CATCH,AGE_1_RETURNS,AGE_2_RETURNS,AGE_3_RETURNS,AGE_4_RETURNS,AGE_5_RETURNS,AGE_6_RETURNS,AGE_7_RETURNS
"Salmon, sockeye (Ozette Lake ESU)",-,Ozette Lake - sockeye salmon,sockeye,-,same,-,1999,2649,1,-99,-99,-99,-99,-99,-99,-99,-99
"Salmon, sockeye (Ozette Lake ESU)",-,Ozette Lake - sockeye salmon,sockeye,-,same,-,2000,5064,1,-99,-99,-99,-99,-99,-99,-99,-99
"Salmon, sockeye (Ozette Lake ESU)",-,Ozette Lake - sockeye salmon,sockeye,-,same,-,2001,4315,1,-99,-99,-99,-99,-99,-99,-99,-99
"Salmon, sockeye (Ozette Lake ESU)",-,Ozette Lake - sockeye salmon,sockeye,-,same,-,2002,3421,1,-99,-99,-99,-99,-99,-99,-99,-99
"Salmon, sockeye (Ozette Lake ESU)",-,Ozette Lake - sockeye salmon,sockeye,-,same,-,2003,5075,1,-99,-99,-99,-99,-99,-99,-99,-99
"Salmon, sockeye (Ozette Lake ESU)",-,Ozette Lake - sockeye salmon,sockeye,-,same,-,2004,1997,1,-99,-99,-99,-99,-99,-99,-99,-99
"Salmon, sockeye (Ozette Lake ESU)",-,Ozette Lake - sockeye salmon,sockeye,-,same,-,2005,1908,1,-99,-99,-99,-99,-99,-99,-99,-99
"Salmon, sockeye (Ozette Lake ESU)",-,Ozette Lake - sockeye salmon,sockeye,-,same,-,2006,2135,1,-99,-99,-99,-99,-99,-99,-99,-99
"Salmon, sockeye (Ozette Lake ESU)",-,Ozette Lake - sockeye salmon,sockeye,-,same,-,2007,786,1,-99,-99,-99,-99,-99,-99,-99,-99
"Salmon, sockeye (Ozette Lake ESU)",-,Ozette Lake - sockeye salmon,sockeye,-,same,-,2008,2389,1,-99,-99,-99,-99,-99,-99,-99,-99
"Salmon, sockeye (Ozette Lake ESU)",-,Ozette Lake - sockeye salmon,sockeye,-,same,-,2009,4988,1,-99,-99,-99,-99,-99,-99,-99,-99
"Salmon, sockeye (Ozette Lake ESU)",-,Ozette Lake - sockeye salmon,sockeye,-,same,-,2010,3220,1,-99,-99,-99,-99,-99,-99,-99,-99
"Salmon, sockeye (Ozette Lake ESU)",-,Ozette Lake - sockeye salmon,sockeye,-,same,-,2011,2625,1,-99,-99,-99,-99,-99,-99,-99,-99
"Salmon, sockeye (Ozette Lake ESU)",-,Ozette Lake - sockeye salmon,sockeye,-,same,-,2013,2859,1,-99,-99,-99,-99,-99,-99,-99,-99
"Salmon, sockeye (Ozette Lake ESU)",-,Ozette Lake - sockeye salmon,sockeye,-,same,-,2014,5282,1,-99,-99,-99,-99,-99,-99,-99,-99
"Salmon, sockeye (Ozette Lake ESU)",-,Ozette Lake - sockeye salmon,sockeye,-,same,-,2015,6846,1,-99,-99,-99,-99,-99,-99,-99,-99
"Salmon, sockeye (Ozette Lake ESU)",-,Ozette Lake - sockeye salmon,sockeye,-,same,-,2016,13073,1,-99,-99,-99,-99,-99,-99,-99,-99
"Salmon, sockeye (Ozette Lake ESU)",-,Ozette Lake - sockeye salmon,sockeye,-,same,-,2017,8659,1,-99,-99,-99,-99,-99,-99,-99,-99
"Salmon, sockeye (Ozette Lake ESU)",-,Ozette Lake - sockeye salmon,sockeye,-,same,-,2018,5427,1,-99,-99,-99,-99,-99,-99,-99,-99
"Salmon, sockeye (Ozette Lake ESU)",-,Ozette Lake - sockeye salmon,sockeye,-,same,-,2019,3375,1,-99,-99,-99,-99,-99,-99,-99,-99
"Salmon, sockeye (Ozette Lake ESU)",-,Ozette Lake - sockeye salmon,sockeye,-,same,-,2020,2922,1,-99,-99,-99,-99,-99,-99,-99,-99
"Salmon, Chinook (Snake River fall-run ESU)",-,Snake River - fall Chinook salmon,Chinook,fall,same,-,1992,549,1,-99,-99,-99,-99,-99,-99,-99,-99
"Salmon, Chinook (Snake River fall-run ESU)",-,Snake River - fall Chinook salmon,Chinook,fall,same,-,1993,742,1,-99,-99,-99,-99,-99,-99,-99,-99
"Salmon, Chinook (Snake River fall-run ESU)",-,Snake River - fall Chinook salmon,Chinook,fall,same,-,1994,406,1,-99,-99,-99,-99,-99,-99,-99,-99
"Salmon, Chinook (Snake River fall-run ESU)",-,Snake River - fall Chinook salmon,Chinook,fall,same,-,1995,350,1,-99,-99,-99,-99,-99,-99,-99,-99
"Salmon, Chinook (Snake River fall-run ESU)",-,Snake River - fall Chinook salmon,Chinook,fall,same,-,1996,639,1,-99,-99,-99,-99,-99,-99,-99,-99
"Salmon, Chinook (Snake River fall-run ESU)",-,Snake River - fall Chinook salmon,Chinook,fall,same,-,1997,796,1,-99,-99,-99,-99,-99,-99,-99,-99
"Salmon, Chinook (Snake River fall-run ESU)",-,Snake River - fall Chinook salmon,Chinook,fall,same,-,1998,306,1,-99,-99,-99,-99,-99,-99,-99,-99
"Salmon, Chinook (Snake River fall-run ESU)",-,Snake River - fall Chinook salmon,Chinook,fall,same,-,1999,905,1,-99,-99,-99,-99,-99,-99,-99,-99
"Salmon, Chinook (Snake River fall-run ESU)",-,Snake River - fall Chinook salmon,Chinook,fall,same,-,2000,1148,1,-99,-99,-99,-99,-99,-99,-99,-99
"Salmon, Chinook (Snake River fall-run ESU)",-,Snake River - fall Chinook salmon,Chinook,fall,same,-,2001,5163,1,-99,-99,-99,-99,-99,-99,-99,-99
"Salmon, Chinook (Snake River fall-run ESU)",-,Snake River - fall Chinook salmon,Chinook,fall,same,-,2002,2116,1,-99,-99,-99,-99,-99,-99,-99,-99
"Salmon, Chinook (Snake River fall-run ESU)",-,Snake River - fall Chinook salmon,Chinook,fall,same,-,2003,5390,1,-99,-99,-99,-99,-99,-99,-99,-99
"Salmon, Chinook (Snake River fall-run ESU)",-,Snake River - fall Chinook salmon,Chinook,fall,same,-,2004,7217,1,-99,-99,-99,-99,-99,-99,-99,-99
"Salmon, Chinook (Snake River fall-run ESU)",-,Snake River - fall Chinook salmon,Chinook,fall,same,-,2005,5177,1,-99,-99,-99,-99,-99,-99,-99,-99
"Salmon, Chinook (Snake River fall-run ESU)",-,Snake River - fall Chinook salmon,Chinook,fall,same,-,2006,4665,1,-99,-99,-99,-99,-99,-99,-99,-99
"Salmon, Chinook (Snake River fall-run ESU)",-,Snake River - fall Chinook salmon,Chinook,fall,same,-,2007,3741,1,-99,-99,-99,-99,-99,-99,-99,-99
"Salmon, Chinook (Snake River fall-run ESU)",-,Snake River - fall Chinook salmon,Chinook,fall,same,-,2008,3930,1,-99,-99,-99,-99,-99,-99,-99,-99
"Salmon, Chinook (Snake River fall-run ESU)",-,Snake River - fall Chinook salmon,Chinook,fall,same,-,2009,4977,1,-99,-99,-99,-99,-99,-99,-99,-99
"Salmon, Chinook (Snake River fall-run ESU)",-,Snake River - fall Chinook salmon,Chinook,fall,same,-,2010,7988,1,-99,-99,-99,-99,-99,-99,-99,-99
"Salmon, Chinook (Snake River fall-run ESU)",-,Snake River - fall Chinook salmon,Chinook,fall,same,-,2011,8778,1,-99,-99,-99,-99,-99,-99,-99,-99
"Salmon, Chinook (Snake River fall-run ESU)",-,Snake River - fall Chinook salmon,Chinook,fall,same,-,2012,12786,1,-99,-99,-99,-99,-99,-99,-99,-99
"Salmon, Chinook (Snake River fall-run ESU)",-,Snake River - fall Chinook salmon,Chinook,fall,same,-,2013,20829,1,-99,-99,-99,-99,-99,-99,-99,-99
"Salmon, Chinook (Snake River fall-run ESU)",-,Snake River - fall Chinook salmon,Chinook,fall,same,-,2014,13035,1,-99,-99,-99,-99,-99,-99,-99,-99
"Salmon, Chinook (Snake River fall-run ESU)",-,Snake River - fall Chinook salmon,Chinook,fall,same,-,2015,15757,1,-99,-99,-99,-99,-99,-99,-99,-99
"Salmon, Chinook (Snake River fall-run ESU)",-,Snake River - fall Chinook salmon,Chinook,fall,same,-,2016,9687,1,-99,-99,-99,-99,-99,-99,-99,-99
"Salmon, Chinook (Snake River fall-run ESU)",-,Snake River - fall Chinook salmon,Chinook,fall,same,-,2017,6930,1,-99,-99,-99,-99,-99,-99,-99,-99
"Salmon, Chinook (Snake River fall-run ESU)",-,Snake River - fall Chinook salmon,Chinook,fall,same,-,2018,6140,1,-99,-99,-99,-99,-99,-99,-99,-99
"Salmon, Chinook (Snake River fall-run ESU)",-,Snake River - fall Chinook salmon,Chinook,fall,same,-,2019,6558,1,-99,-99,-99,-99,-99,-99,-99,-99
"Salmon, chum (Hood Canal summer-run ESU)",-,Hood Canal - summer chum salmon,chum,summer,same,-,1999,2470,1,-99,-99,-99,-99,-99,-99,-99,-99
"Salmon, chum (Hood Canal summer-run ESU)",-,Hood Canal - summer chum salmon,chum,summer,same,-,2000,8281,1,-99,-99,-99,-99,-99,-99,-99,-99
"Salmon, chum (Hood Canal summer-run ESU)",-,Hood Canal - summer chum salmon,chum,summer,same,-,2001,7204,1,-99,-99,-99,-99,-99,-99,-99,-99
"Salmon, chum (Hood Canal summer-run ESU)",-,Hood Canal - summer chum salmon,chum,summer,same,-,2002,6859,1,-99,-99,-99,-99,-99,-99,-99,-99
"Salmon, chum (Hood Canal summer-run ESU)",-,Hood Canal - summer chum salmon,chum,summer,same,-,2003,27335,1,-99,-99,-99,-99,-99,-99,-99,-99
"Salmon, chum (Hood Canal summer-run ESU)",-,Hood Canal - summer chum salmon,chum,summer,same,-,2004,60374,1,-99,-99,-99,-99,-99,-99,-99,-99
"Salmon, chum (Hood Canal summer-run ESU)",-,Hood Canal - summer chum salmon,chum,summer,same,-,2005,11348,1,-99,-99,-99,-99,-99,-99,-99,-99
"Salmon, chum (Hood Canal summer-run ESU)",-,Hood Canal - summer chum salmon,chum,summer,same,-,2006,21389,1,-99,-99,-99,-99,-99,-99,-99,-99
"Salmon, chum (Hood Canal summer-run ESU)",-,Hood Canal - summer chum salmon,chum,summer,same,-,2007,9376,1,-99,-99,-99,-99,-99,-99,-99,-99
"Salmon, chum (Hood Canal summer-run ESU)",-,Hood Canal - summer chum salmon,chum,summer,same,-,2008,13573,1,-99,-99,-99,-99,-99,-99,-99,-99
"Salmon, chum (Hood Canal summer-run ESU)",-,Hood Canal - summer chum salmon,chum,summer,same,-,2009,6570,1,-99,-99,-99,-99,-99,-99,-99,-99
"Salmon, chum (Hood Canal summer-run ESU)",-,Hood Canal - summer chum salmon,chum,summer,same,-,2010,11294,1,-99,-99,-99,-99,-99,-99,-99,-99
"Salmon, chum (Hood Canal summer-run ESU)",-,Hood Canal - summer chum salmon,chum,summer,same,-,2011,6568,1,-99,-99,-99,-99,-99,-99,-99,-99
"Salmon, chum (Hood Canal summer-run ESU)",-,Hood Canal - summer chum salmon,chum,summer,same,-,2012,26501,1,-99,-99,-99,-99,-99,-99,-99,-99
"Salmon, chum (Hood Canal summer-run ESU)",-,Hood Canal - summer chum salmon,chum,summer,same,-,2013,19965,1,-99,-99,-99,-99,-99,-99,-99,-99
"Salmon, chum (Hood Canal summer-run ESU)",-,Hood Canal - summer chum salmon,chum,summer,same,-,2014,26598,1,-99,-99,-99,-99,-99,-99,-99,-99
"Salmon, chum (Hood Canal summer-run ESU)",-,Hood Canal - summer chum salmon,chum,summer,same,-,2015,31259,1,-99,-99,-99,-99,-99,-99,-99,-99
"Salmon, chum (Hood Canal summer-run ESU)",-,Hood Canal - summer chum salmon,chum,summer,same,-,2016,46035,1,-99,-99,-99,-99,-99,-99,-99,-99
"Salmon, chum (Hood Canal summer-run ESU)",-,Hood Canal - summer chum salmon,chum,summer,same,-,2017,55446,1,-99,-99,-99,-99,-99,-99,-99,-99
"Salmon, chum (Hood Canal summer-run ESU)",-,Hood Canal - summer chum salmon,chum,summer,same,-,2018,12194,1,-99,-99,-99,-99,-99,-99,-99,-99
"Salmon, chum (Hood Canal summer-run ESU)",-,Hood Canal - summer chum salmon,chum,summer,same,-,2019,7344,1,-99,-99,-99,-99,-99,-99,-99,-99
"Salmon, chum (Hood Canal summer-run ESU)",-,Strait of Juan de Fuca - summer chum salmon,chum,summer,same,-,1999,155,1,-99,-99,-99,-99,-99,-99,-99,-99
"Salmon, chum (Hood Canal summer-run ESU)",-,Strait of Juan de Fuca - summer chum salmon,chum,summer,same,-,2000,507,1,-99,-99,-99,-99,-99,-99,-99,-99
"Salmon, chum (Hood Canal summer-run ESU)",-,Strait of Juan de Fuca - summer chum salmon,chum,summer,same,-,2001,1483,1,-99,-99,-99,-99,-99,-99,-99,-99
"Salmon, chum (Hood Canal summer-run ESU)",-,Strait of Juan de Fuca - summer chum salmon,chum,summer,same,-,2002,4221,1,-99,-99,-99,-99,-99,-99,-99,-99
"Salmon, chum (Hood Canal summer-run ESU)",-,Strait of Juan de Fuca - summer chum salmon,chum,summer,same,-,2003,4283,1,-99,-99,-99,-99,-99,-99,-99,-99
"Salmon, chum (Hood Canal summer-run ESU)",-,Strait of Juan de Fuca - summer chum salmon,chum,summer,same,-,2004,5794,1,-99,-99,-99,-99,-99,-99,-99,-99
"Salmon, chum (Hood Canal summer-run ESU)",-,Strait of Juan de Fuca - summer chum salmon,chum,summer,same,-,2005,6001,1,-99,-99,-99,-99,-99,-99,-99,-99
"Salmon, chum (Hood Canal summer-run ESU)",-,Strait of Juan de Fuca - summer chum salmon,chum,summer,same,-,2006,6375,1,-99,-99,-99,-99,-99,-99,-99,-99
"Salmon, chum (Hood Canal summer-run ESU)",-,Strait of Juan de Fuca - summer chum salmon,chum,summer,same,-,2007,3019,1,-99,-99,-99,-99,-99,-99,-99,-99
"Salmon, chum (Hood Canal summer-run ESU)",-,Strait of Juan de Fuca - summer chum salmon,chum,summer,same,-,2008,3011,1,-99,-99,-99,-99,-99,-99,-99,-99
"Salmon, chum (Hood Canal summer-run ESU)",-,Strait of Juan de Fuca - summer chum salmon,chum,summer,same,-,2009,2660,1,-99,-99,-99,-99,-99,-99,-99,-99
"Salmon, chum (Hood Canal summer-run ESU)",-,Strait of Juan de Fuca - summer chum salmon,chum,summer,same,-,2010,5925,1,-99,-99,-99,-99,-99,-99,-99,-99
"Salmon, chum (Hood Canal summer-run ESU)",-,Strait of Juan de Fuca - summer chum salmon,chum,summer,same,-,2011,4063,1,-99,-99,-99,-99,-99,-99,-99,-99
"Salmon, chum (Hood Canal summer-run ESU)",-,Strait of Juan de Fuca - summer chum salmon,chum,summer,same,-,2012,4981,1,-99,-99,-99,-99,-99,-99,-99,-99
"Salmon, chum (Hood Canal summer-run ESU)",-,Strait of Juan de Fuca - summer chum salmon,chum,summer,same,-,2013,12042,1,-99,-99,-99,-99,-99,-99,-99,-99
"Salmon, chum (Hood Canal summer-run ESU)",-,Strait of Juan de Fuca - summer chum salmon,chum,summer,same,-,2014,7181,1,-99,-99,-99,-99,-99,-99,-99,-99
"Salmon, chum (Hood Canal summer-run ESU)",-,Strait of Juan de Fuca - summer chum salmon,chum,summer,same,-,2015,15664,1,-99,-99,-99,-99,-99,-99,-99,-99
"Salmon, chum (Hood Canal summer-run ESU)",-,Strait of Juan de Fuca - summer chum salmon,chum,summer,same,-,2016,9076,1,-99,-99,-99,-99,-99,-99,-99,-99
"Salmon, chum (Hood Canal summer-run ESU)",-,Strait of Juan de Fuca - summer chum salmon,chum,summer,same,-,2017,2113,1,-99,-99,-99,-99,-99,-99,-99,-99
"Salmon, chum (Hood Canal summer-run ESU)",-,Strait of Juan de Fuca - summer chum salmon,chum,summer,same,-,2018,1567,1,-99,-99,-99,-99,-99,-99,-99,-99
"Salmon, chum (Hood Canal summer-run ESU)",-,Strait of Juan de Fuca - summer chum salmon,chum,summer,same,-,2019,4830,1,-99,-99,-99,-99,-99,-99,-99,-99
"Salmon, Chinook (Puget Sound ESU)",-,Cascade River - spring Chinook salmon,Chinook,-,same,-,1999,83,1,-99,-99,-99,-99,-99,-99,-99,-99
"Salmon, Chinook (Puget Sound ESU)",-,Cascade River - spring Chinook salmon,Chinook,-,same,-,2000,273,1,-99,-99,-99,-99,-99,-99,-99,-99
"Salmon, Chinook (Puget Sound ESU)",-,Cascade River - spring Chinook salmon,Chinook,-,same,-,2001,625,1,-99,-99,-99,-99,-99,-99,-99,-99
"Salmon, Chinook (Puget Sound ESU)",-,Cascade River - spring Chinook salmon,Chinook,-,same,-,2002,340,1,-99,-99,-99,-99,-99,-99,-99,-99
"Salmon, Chinook (Puget Sound ESU)",-,Cascade River - spring Chinook salmon,Chinook,-,same,-,2003,298,1,-99,-99,-99,-99,-99,-99,-99,-99
"Salmon, Chinook (Puget Sound ESU)",-,Cascade River - spring Chinook salmon,Chinook,-,same,-,2004,380,1,-99,-99,-99,-99,-99,-99,-99,-99
"Salmon, Chinook (Puget Sound ESU)",-,Cascade River - spring Chinook salmon,Chinook,-,same,-,2005,420,1,-99,-99,-99,-99,-99,-99,-99,-99
"Salmon, Chinook (Puget Sound ESU)",-,Cascade River - spring Chinook salmon,Chinook,-,same,-,2006,478,1,-99,-99,-99,-99,-99,-99,-99,-99
"Salmon, Chinook (Puget Sound ESU)",-,Cascade River - spring Chinook salmon,Chinook,-,same,-,2007,223,1,-99,-99,-99,-99,-99,-99,-99,-99
"Salmon, Chinook (Puget Sound ESU)",-,Cascade River - spring Chinook salmon,Chinook,-,same,-,2008,284,1,-99,-99,-99,-99,-99,-99,-99,-99
"Salmon, Chinook (Puget Sound ESU)",-,Cascade River - spring Chinook salmon,Chinook,-,same,-,2009,338,1,-99,-99,-99,-99,-99,-99,-99,-99
"Salmon, Chinook (Puget Sound ESU)",-,Cascade River - spring Chinook salmon,Chinook,-,same,-,2010,330,1,-99,-99,-99,-99,-99,-99,-99,-99
"Salmon, Chinook (Puget Sound ESU)",-,Cascade River - spring Chinook salmon,Chinook,-,same,-,2011,265,1,-99,-99,-99,-99,-99,-99,-99,-99
"Salmon, Chinook (Puget Sound ESU)",-,Cascade River - spring Chinook salmon,Chinook,-,same,-,2012,488,1,-99,-99,-99,-99,-99,-99,-99,-99
"Salmon, Chinook (Puget Sound ESU)",-,Cascade River - spring Chinook salmon,Chinook,-,same,-,2013,310,1,-99,-99,-99,-99,-99,-99,-99,-99
"Salmon, Chinook (Puget Sound ESU)",-,Cascade River - spring Chinook salmon,Chinook,-,same,-,2014,225,1,-99,-99,-99,-99,-99,-99,-99,-99
"Salmon, Chinook (Puget Sound ESU)",-,Cascade River - spring Chinook salmon,Chinook,-,same,-,2015,188,1,-99,-99,-99,-99,-99,-99,-99,-99
"Salmon, Chinook (Puget Sound ESU)",-,Cascade River - spring Chinook salmon,Chinook,-,same,-,2016,295,1,-99,-99,-99,-99,-99,-99,-99,-99
"Salmon, Chinook (Puget Sound ESU)",-,Cascade River - spring Chinook salmon,Chinook,-,same,-,2017,323,1,-99,-99,-99,-99,-99,-99,-99,-99
"Salmon, Chinook (Puget Sound ESU)",-,Cascade River - spring Chinook salmon,Chinook,-,same,-,2018,128,1,-99,-99,-99,-99,-99,-99,-99,-99
"Salmon, Chinook (Puget Sound ESU)",-,Dungeness River - summer Chinook salmon,Chinook,-,same,-,2001,17,1,-99,-99,-99,-99,-99,-99,-99,-99
"Salmon, Chinook (Puget Sound ESU)",-,Dungeness River - summer Chinook salmon,Chinook,-,same,-,2002,115,1,-99,-99,-99,-99,-99,-99,-99,-99
"Salmon, Chinook (Puget Sound ESU)",-,Dungeness River - summer Chinook salmon,Chinook,-,same,-,2003,123,1,-99,-99,-99,-99,-99,-99,-99,-99
"Salmon, Chinook (Puget Sound ESU)",-,Dungeness River - summer Chinook salmon,Chinook,-,same,-,2004,182,1,-99,-99,-99,-99,-99,-99,-99,-99
"Salmon, Chinook (Puget Sound ESU)",-,Dungeness River - summer Chinook salmon,Chinook,-,same,-,2005,304,1,-99,-99,-99,-99,-99,-99,-99,-99
"Salmon, Chinook (Puget Sound ESU)",-,Dungeness River - summer Chinook salmon,Chinook,-,same,-,2006,293,1,-99,-99,-99,-99,-99,-99,-99,-99
"Salmon, Chinook (Puget Sound ESU)",-,Dungeness River - summer Chinook salmon,Chinook,-,same,-,2007,146,1,-99,-99,-99,-99,-99,-99,-99,-99
"Salmon, Chinook (Puget Sound ESU)",-,Dungeness River - summer Chinook salmon,Chinook,-,same,-,2008,86,1,-99,-99,-99,-99,-99,-99,-99,-99
"Salmon, Chinook (Puget Sound ESU)",-,Dungeness River - summer Chinook salmon,Chinook,-,same,-,2009,71,1,-99,-99,-99,-99,-99,-99,-99,-99
"Salmon, Chinook (Puget Sound ESU)",-,Dungeness River - summer Chinook salmon,Chinook,-,same,-,2010,76,1,-99,-99,-99,-99,-99,-99,-99,-99
"Salmon, Chinook (Puget Sound ESU)",-,Dungeness River - summer Chinook salmon,Chinook,-,same,-,2011,83,1,-99,-99,-99,-99,-99,-99,-99,-99
"Salmon, Chinook (Puget Sound ESU)",-,Dungeness River - summer Chinook salmon,Chinook,-,same,-,2012,212,1,-99,-99,-99,-99,-99,-99,-99,-99
"Salmon, Chinook (Puget Sound ESU)",-,Dungeness River - summer Chinook salmon,Chinook,-,same,-,2013,46,1,-99,-99,-99,-99,-99,-99,-99,-99
"Salmon, Chinook (Puget Sound ESU)",-,Dungeness River - summer Chinook salmon,Chinook,-,same,-,2014,21,1,-99,-99,-99,-99,-99,-99,-99,-99
"Salmon, Chinook (Puget Sound ESU)",-,Dungeness River - summer Chinook salmon,Chinook,-,same,-,2015,65,1,-99,-99,-99,-99,-99,-99,-99,-99
"Salmon, Chinook (Puget Sound ESU)",-,Dungeness River - summer Chinook salmon,Chinook,-,same,-,2016,135,1,-99,-99,-99,-99,-99,-99,-99,-99
"Salmon, Chinook (Puget Sound ESU)",-,Dungeness River - summer Chinook salmon,Chinook,-,same,-,2017,149,1,-99,-99,-99,-99,-99,-99,-99,-99
"Salmon, Chinook (Puget Sound ESU)",-,Dungeness River - summer Chinook salmon,Chinook,-,same,-,2018,127,1,-99,-99,-99,-99,-99,-99,-99,-99
"Salmon, Chinook (Puget Sound ESU)",-,Dungeness River - summer Chinook salmon,Chinook,-,same,-,2019,173,1,-99,-99,-99,-99,-99,-99,-99,-99
"Salmon, Chinook (Puget Sound ESU)",-,Elwha River - fall Chinook salmon,Chinook,-,same,-,2009,14,1,-99,-99,-99,-99,-99,-99,-99,-99
"Salmon, Chinook (Puget Sound ESU)",-,Elwha River - fall Chinook salmon,Chinook,-,same,-,2010,33,1,-99,-99,-99,-99,-99,-99,-99,-99
"Salmon, Chinook (Puget Sound ESU)",-,Elwha River - fall Chinook salmon,Chinook,-,same,-,2011,26,1,-99,-99,-99,-99,-99,-99,-99,-99
"Salmon, Chinook (Puget Sound ESU)",-,Elwha River - fall Chinook salmon,Chinook,-,same,-,2012,141,1,-99,-99,-99,-99,-99,-99,-99,-99
"Salmon, Chinook (Puget Sound ESU)",-,Elwha River - fall Chinook salmon,Chinook,-,same,-,2013,105,1,-99,-99,-99,-99,-99,-99,-99,-99
"Salmon, Chinook (Puget Sound ESU)",-,Elwha River - fall Chinook salmon,Chinook,-,same,-,2014,96,1,-99,-99,-99,-99,-99,-99,-99,-99
"Salmon, Chinook (Puget Sound ESU)",-,Elwha River - fall Chinook salmon,Chinook,-,same,-,2015,165,1,-99,-99,-99,-99,-99,-99,-99,-99
"Salmon, Chinook (Puget Sound ESU)",-,Elwha River - fall Chinook salmon,Chinook,-,same,-,2016,85,1,-99,-99,-99,-99,-99,-99,-99,-99
"Salmon, Chinook (Puget Sound ESU)",-,Elwha River - fall Chinook salmon,Chinook,-,same,-,2017,70,1,-99,-99,-99,-99,-99,-99,-99,-99
"Salmon, Chinook (Puget Sound ESU)",-,Elwha River - fall Chinook salmon,Chinook,-,same,-,2018,95,1,-99,-99,-99,-99,-99,-99,-99,-99
"Salmon, Chinook (Puget Sound ESU)",-,Elwha River - fall Chinook salmon,Chinook,-,same,-,2019,212,1,-99,-99,-99,-99,-99,-99,-99,-99
"Salmon, Chinook (Puget Sound ESU)",-,Lower Sauk River - summer Chinook salmon,Chinook,-,same,-,2000,576,1,-99,-99,-99,-99,-99,-99,-99,-99
"Salmon, Chinook (Puget Sound ESU)",-,Lower Sauk River - summer Chinook salmon,Chinook,-,same,-,2001,1103,1,-99,-99,-99,-99,-99,-99,-99,-99
"Salmon, Chinook (Puget Sound ESU)",-,Lower Sauk River - summer Chinook salmon,Chinook,-,same,-,2002,910,1,-99,-99,-99,-99,-99,-99,-99,-99
"Salmon, Chinook (Puget Sound ESU)",-,Lower Sauk River - summer Chinook salmon,Chinook,-,same,-,2003,1493,1,-99,-99,-99,-99,-99,-99,-99,-99
"Salmon, Chinook (Puget Sound ESU)",-,Lower Sauk River - summer Chinook salmon,Chinook,-,same,-,2004,443,1,-99,-99,-99,-99,-99,-99,-99,-99
"Salmon, Chinook (Puget Sound ESU)",-,Lower Sauk River - summer Chinook salmon,Chinook,-,same,-,2005,875,1,-99,-99,-99,-99,-99,-99,-99,-99
"Salmon, Chinook (Puget Sound ESU)",-,Lower Sauk River - summer Chinook salmon,Chinook,-,same,-,2006,1095,1,-99,-99,-99,-99,-99,-99,-99,-99
"Salmon, Chinook (Puget Sound ESU)",-,Lower Sauk River - summer Chinook salmon,Chinook,-,same,-,2007,383,1,-99,-99,-99,-99,-99,-99,-99,-99
"Salmon, Chinook (Puget Sound ESU)",-,Lower Sauk River - summer Chinook salmon,Chinook,-,same,-,2008,538,1,-99,-99,-99,-99,-99,-99,-99,-99
"Salmon, Chinook (Puget Sound ESU)",-,Lower Sauk River - summer Chinook salmon,Chinook,-,same,-,2009,250,1,-99,-99,-99,-99,-99,-99,-99,-99
"Salmon, Chinook (Puget Sound ESU)",-,Lower Sauk River - summer Chinook salmon,Chinook,-,same,-,2010,356,1,-99,-99,-99,-99,-99,-99,-99,-99
"Salmon, Chinook (Puget Sound ESU)",-,Lower Sauk River - summer Chinook salmon,Chinook,-,same,-,2011,210,1,-99,-99,-99,-99,-99,-99,-99,-99
"Salmon, Chinook (Puget Sound ESU)",-,Lower Sauk River - summer Chinook salmon,Chinook,-,same,-,2012,715,1,-99,-99,-99,-99,-99,-99,-99,-99
"Salmon, Chinook (Puget Sound ESU)",-,Lower Sauk River - summer Chinook salmon,Chinook,-,same,-,2013,530,1,-99,-99,-99,-99,-99,-99,-99,-99
"Salmon, Chinook (Puget Sound ESU)",-,Lower Sauk River - summer Chinook salmon,Chinook,-,same,-,2014,364,1,-99,-99,-99,-99,-99,-99,-99,-99
"Salmon, Chinook (Puget Sound ESU)",-,Lower Sauk River - summer Chinook salmon,Chinook,-,same,-,2015,406,1,-99,-99,-99,-99,-99,-99,-99,-99
"Salmon, Chinook (Puget Sound ESU)",-,Lower Sauk River - summer Chinook salmon,Chinook,-,same,-,2016,1044,1,-99,-99,-99,-99,-99,-99,-99,-99
"Salmon, Chinook (Puget Sound ESU)",-,Lower Sauk River - summer Chinook salmon,Chinook,-,same,-,2017,1001,1,-99,-99,-99,-99,-99,-99,-99,-99
"Salmon, Chinook (Puget Sound ESU)",-,Lower Sauk River - summer Chinook salmon,Chinook,-,same,-,2018,378,1,-99,-99,-99,-99,-99,-99,-99,-99
"Salmon, Chinook (Puget Sound ESU)",-,Lower Skagit River - fall Chinook salmon,Chinook,-,same,-,1999,1043,1,-99,-99,-99,-99,-99,-99,-99,-99
"Salmon, Chinook (Puget Sound ESU)",-,Lower Skagit River - fall Chinook salmon,Chinook,-,same,-,2000,3262,1,-99,-99,-99,-99,-99,-99,-99,-99
"Salmon, Chinook (Puget Sound ESU)",-,Lower Skagit River - fall Chinook salmon,Chinook,-,same,-,2001,2606,1,-99,-99,-99,-99,-99,-99,-99,-99
"Salmon, Chinook (Puget Sound ESU)",-,Lower Skagit River - fall Chinook salmon,Chinook,-,same,-,2002,4866,1,-99,-99,-99,-99,-99,-99,-99,-99
"Salmon, Chinook (Puget Sound ESU)",-,Lower Skagit River - fall Chinook salmon,Chinook,-,same,-,2003,1161,1,-99,-99,-99,-99,-99,-99,-99,-99
"Salmon, Chinook (Puget Sound ESU)",-,Lower Skagit River - fall Chinook salmon,Chinook,-,same,-,2004,3070,1,-99,-99,-99,-99,-99,-99,-99,-99
"Salmon, Chinook (Puget Sound ESU)",-,Lower Skagit River - fall Chinook salmon,Chinook,-,same,-,2005,3320,1,-99,-99,-99,-99,-99,-99,-99,-99
"Salmon, Chinook (Puget Sound ESU)",-,Lower Skagit River - fall Chinook salmon,Chinook,-,same,-,2006,3508,1,-99,-99,-99,-99,-99,-99,-99,-99
"Salmon, Chinook (Puget Sound ESU)",-,Lower Skagit River - fall Chinook salmon,Chinook,-,same,-,2007,1053,1,-99,-99,-99,-99,-99,-99,-99,-99
"Salmon, Chinook (Puget Sound ESU)",-,Lower Skagit River - fall Chinook salmon,Chinook,-,same,-,2008,2685,1,-99,-99,-99,-99,-99,-99,-99,-99
"Salmon, Chinook (Puget Sound ESU)",-,Lower Skagit River - fall Chinook salmon,Chinook,-,same,-,2009,1439,1,-99,-99,-99,-99,-99,-99,-99,-99
"Salmon, Chinook (Puget Sound ESU)",-,Lower Skagit River - fall Chinook salmon,Chinook,-,same,-,2010,1017,1,-99,-99,-99,-99,-99,-99,-99,-99
"Salmon, Chinook (Puget Sound ESU)",-,Lower Skagit River - fall Chinook salmon,Chinook,-,same,-,2011,820,1,-99,-99,-99,-99,-99,-99,-99,-99
"Salmon, Chinook (Puget Sound ESU)",-,Lower Skagit River - fall Chinook salmon,Chinook,-,same,-,2012,3295,1,-99,-99,-99,-99,-99,-99,-99,-99
"Salmon, Chinook (Puget Sound ESU)",-,Lower Skagit River - fall Chinook salmon,Chinook,-,same,-,2013,1551,1,-99,-99,-99,-99,-99,-99,-99,-99
"Salmon, Chinook (Puget Sound ESU)",-,Lower Skagit River - fall Chinook salmon,Chinook,-,same,-,2014,1785,1,-99,-99,-99,-99,-99,-99,-99,-99
"Salmon, Chinook (Puget Sound ESU)",-,Lower Skagit River - fall Chinook salmon,Chinook,-,same,-,2015,2203,1,-99,-99,-99,-99,-99,-99,-99,-99
"Salmon, Chinook (Puget Sound ESU)",-,Lower Skagit River - fall Chinook salmon,Chinook,-,same,-,2016,2840,1,-99,-99,-99,-99,-99,-99,-99,-99
"Salmon, Chinook (Puget Sound ESU)",-,Lower Skagit River - fall Chinook salmon,Chinook,-,same,-,2017,3786,1,-99,-99,-99,-99,-99,-99,-99,-99
"Salmon, Chinook (Puget Sound ESU)",-,Lower Skagit River - fall Chinook salmon,Chinook,-,same,-,2018,1923,1,-99,-99,-99,-99,-99,-99,-99,-99
"Salmon, Chinook (Puget Sound ESU)",-,North Fork Nooksack River (including Middle Fork Nooksack River) - spring Chinook salmon,Chinook,-,same,-,1999,85,1,-99,-99,-99,-99,-99,-99,-99,-99
"Salmon, Chinook (Puget Sound ESU)",-,North Fork Nooksack River (including Middle Fork Nooksack River) - spring Chinook salmon,Chinook,-,same,-,2000,160,1,-99,-99,-99,-99,-99,-99,-99,-99
"Salmon, Chinook (Puget Sound ESU)",-,North Fork Nooksack River (including Middle Fork Nooksack River) - spring Chinook salmon,Chinook,-,same,-,2001,264,1,-99,-99,-99,-99,-99,-99,-99,-99
"Salmon, Chinook (Puget Sound ESU)",-,North Fork Nooksack River (including Middle Fork Nooksack River) - spring Chinook salmon,Chinook,-,same,-,2002,224,1,-99,-99,-99,-99,-99,-99,-99,-99
"Salmon, Chinook (Puget Sound ESU)",-,North Fork Nooksack River (including Middle Fork Nooksack River) - spring Chinook salmon,Chinook,-,same,-,2003,210,1,-99,-99,-99,-99,-99,-99,-99,-99
"Salmon, Chinook (Puget Sound ESU)",-,North Fork Nooksack River (including Middle Fork Nooksack River) - spring Chinook salmon,Chinook,-,same,-,2004,314,1,-99,-99,-99,-99,-99,-99,-99,-99
"Salmon, Chinook (Puget Sound ESU)",-,North Fork Nooksack River (including Middle Fork Nooksack River) - spring Chinook salmon,Chinook,-,same,-,2005,210,1,-99,-99,-99,-99,-99,-99,-99,-99
"Salmon, Chinook (Puget Sound ESU)",-,North Fork Nooksack River (including Middle Fork Nooksack River) - spring Chinook salmon,Chinook,-,same,-,2006,275,1,-99,-99,-99,-99,-99,-99,-99,-99
"Salmon, Chinook (Puget Sound ESU)",-,North Fork Nooksack River (including Middle Fork Nooksack River) - spring Chinook salmon,Chinook,-,same,-,2007,334,1,-99,-99,-99,-99,-99,-99,-99,-99
"Salmon, Chinook (Puget Sound ESU)",-,North Fork Nooksack River (including Middle Fork Nooksack River) - spring Chinook salmon,Chinook,-,same,-,2008,307,1,-99,-99,-99,-99,-99,-99,-99,-99
"Salmon, Chinook (Puget Sound ESU)",-,North Fork Nooksack River (including Middle Fork Nooksack River) - spring Chinook salmon,Chinook,-,same,-,2009,269,1,-99,-99,-99,-99,-99,-99,-99,-99
"Salmon, Chinook (Puget Sound ESU)",-,North Fork Nooksack River (including Middle Fork Nooksack River) - spring Chinook salmon,Chinook,-,same,-,2010,204,1,-99,-99,-99,-99,-99,-99,-99,-99
"Salmon, Chinook (Puget Sound ESU)",-,North Fork Nooksack River (including Middle Fork Nooksack River) - spring Chinook salmon,Chinook,-,same,-,2011,99,1,-99,-99,-99,-99,-99,-99,-99,-99
"Salmon, Chinook (Puget Sound ESU)",-,North Fork Nooksack River (including Middle Fork Nooksack River) - spring Chinook salmon,Chinook,-,same,-,2012,281,1,-99,-99,-99,-99,-99,-99,-99,-99
"Salmon, Chinook (Puget Sound ESU)",-,North Fork Nooksack River (including Middle Fork Nooksack River) - spring Chinook salmon,Chinook,-,same,-,2013,100,1,-99,-99,-99,-99,-99,-99,-99,-99
"Salmon, Chinook (Puget Sound ESU)",-,North Fork Nooksack River (including Middle Fork Nooksack River) - spring Chinook salmon,Chinook,-,same,-,2014,91,1,-99,-99,-99,-99,-99,-99,-99,-99
"Salmon, Chinook (Puget Sound ESU)",-,North Fork Nooksack River (including Middle Fork Nooksack River) - spring Chinook salmon,Chinook,-,same,-,2015,401,1,-99,-99,-99,-99,-99,-99,-99,-99
"Salmon, Chinook (Puget Sound ESU)",-,North Fork Nooksack River (including Middle Fork Nooksack River) - spring Chinook salmon,Chinook,-,same,-,2016,187,1,-99,-99,-99,-99,-99,-99,-99,-99
"Salmon, Chinook (Puget Sound ESU)",-,Puyallup River - fall Chinook salmon,Chinook,-,same,-,2002,1346,1,-99,-99,-99,-99,-99,-99,-99,-99
"Salmon, Chinook (Puget Sound ESU)",-,Puyallup River - fall Chinook salmon,Chinook,-,same,-,2003,912,1,-99,-99,-99,-99,-99,-99,-99,-99
"Salmon, Chinook (Puget Sound ESU)",-,Puyallup River - fall Chinook salmon,Chinook,-,same,-,2004,1236,1,-99,-99,-99,-99,-99,-99,-99,-99
"Salmon, Chinook (Puget Sound ESU)",-,Puyallup River - fall Chinook salmon,Chinook,-,same,-,2005,827,1,-99,-99,-99,-99,-99,-99,-99,-99
"Salmon, Chinook (Puget Sound ESU)",-,Puyallup River - fall Chinook salmon,Chinook,-,same,-,2006,1182,1,-99,-99,-99,-99,-99,-99,-99,-99
"Salmon, Chinook (Puget Sound ESU)",-,Puyallup River - fall Chinook salmon,Chinook,-,same,-,2007,1275,1,-99,-99,-99,-99,-99,-99,-99,-99
"Salmon, Chinook (Puget Sound ESU)",-,Puyallup River - fall Chinook salmon,Chinook,-,same,-,2008,1903,1,-99,-99,-99,-99,-99,-99,-99,-99
"Salmon, Chinook (Puget Sound ESU)",-,Puyallup River - fall Chinook salmon,Chinook,-,same,-,2009,377,1,-99,-99,-99,-99,-99,-99,-99,-99
"Salmon, Chinook (Puget Sound ESU)",-,Puyallup River - fall Chinook salmon,Chinook,-,same,-,2010,529,1,-99,-99,-99,-99,-99,-99,-99,-99
"Salmon, Chinook (Puget Sound ESU)",-,Puyallup River - fall Chinook salmon,Chinook,-,same,-,2011,472,1,-99,-99,-99,-99,-99,-99,-99,-99
"Salmon, Chinook (Puget Sound ESU)",-,Puyallup River - fall Chinook salmon,Chinook,-,same,-,2012,642,1,-99,-99,-99,-99,-99,-99,-99,-99
"Salmon, Chinook (Puget Sound ESU)",-,Puyallup River - fall Chinook salmon,Chinook,-,same,-,2013,203,1,-99,-99,-99,-99,-99,-99,-99,-99
"Salmon, Chinook (Puget Sound ESU)",-,Puyallup River - fall Chinook salmon,Chinook,-,same,-,2014,468,1,-99,-99,-99,-99,-99,-99,-99,-99
"Salmon, Chinook (Puget Sound ESU)",-,Puyallup River - fall Chinook salmon,Chinook,-,same,-,2015,831,1,-99,-99,-99,-99,-99,-99,-99,-99
"Salmon, Chinook (Puget Sound ESU)",-,Puyallup River - fall Chinook salmon,Chinook,-,same,-,2016,713,1,-99,-99,-99,-99,-99,-99,-99,-99
"Salmon, Chinook (Puget Sound ESU)",-,Puyallup River - fall Chinook salmon,Chinook,-,same,-,2017,637,1,-99,-99,-99,-99,-99,-99,-99,-99
"Salmon, Chinook (Puget Sound ESU)",-,Puyallup River - fall Chinook salmon,Chinook,-,same,-,2018,486,1,-99,-99,-99,-99,-99,-99,-99,-99
"Salmon, Chinook (Puget Sound ESU)",-,Puyallup River - fall Chinook salmon,Chinook,-,same,-,2019,289,1,-99,-99,-99,-99,-99,-99,-99,-99
"Salmon, Chinook (Puget Sound ESU)",-,South Fork Nooksack River - spring Chinook salmon,Chinook,-,same,-,1999,32,1,-99,-99,-99,-99,-99,-99,-99,-99
"Salmon, Chinook (Puget Sound ESU)",-,South Fork Nooksack River - spring Chinook salmon,Chinook,-,same,-,2000,111,1,-99,-99,-99,-99,-99,-99,-99,-99
"Salmon, Chinook (Puget Sound ESU)",-,South Fork Nooksack River - spring Chinook salmon,Chinook,-,same,-,2001,159,1,-99,-99,-99,-99,-99,-99,-99,-99
"Salmon, Chinook (Puget Sound ESU)",-,South Fork Nooksack River - spring Chinook salmon,Chinook,-,same,-,2002,135,1,-99,-99,-99,-99,-99,-99,-99,-99
"Salmon, Chinook (Puget Sound ESU)",-,South Fork Nooksack River - spring Chinook salmon,Chinook,-,same,-,2003,69,1,-99,-99,-99,-99,-99,-99,-99,-99
"Salmon, Chinook (Puget Sound ESU)",-,South Fork Nooksack River - spring Chinook salmon,Chinook,-,same,-,2004,29,1,-99,-99,-99,-99,-99,-99,-99,-99
"Salmon, Chinook (Puget Sound ESU)",-,South Fork Nooksack River - spring Chinook salmon,Chinook,-,same,-,2005,19,1,-99,-99,-99,-99,-99,-99,-99,-99
"Salmon, Chinook (Puget Sound ESU)",-,South Fork Nooksack River - spring Chinook salmon,Chinook,-,same,-,2006,61,1,-99,-99,-99,-99,-99,-99,-99,-99
"Salmon, Chinook (Puget Sound ESU)",-,South Fork Nooksack River - spring Chinook salmon,Chinook,-,same,-,2007,26,1,-99,-99,-99,-99,-99,-99,-99,-99
"Salmon, Chinook (Puget Sound ESU)",-,South Fork Nooksack River - spring Chinook salmon,Chinook,-,same,-,2008,80,1,-99,-99,-99,-99,-99,-99,-99,-99
"Salmon, Chinook (Puget Sound ESU)",-,South Fork Nooksack River - spring Chinook salmon,Chinook,-,same,-,2009,45,1,-99,-99,-99,-99,-99,-99,-99,-99
"Salmon, Chinook (Puget Sound ESU)",-,South Fork Nooksack River - spring Chinook salmon,Chinook,-,same,-,2010,21,1,-99,-99,-99,-99,-99,-99,-99,-99
"Salmon, Chinook (Puget Sound ESU)",-,South Fork Nooksack River - spring Chinook salmon,Chinook,-,same,-,2011,90,1,-99,-99,-99,-99,-99,-99,-99,-99
"Salmon, Chinook (Puget Sound ESU)",-,South Fork Nooksack River - spring Chinook salmon,Chinook,-,same,-,2012,116,1,-99,-99,-99,-99,-99,-99,-99,-99
"Salmon, Chinook (Puget Sound ESU)",-,South Fork Nooksack River - spring Chinook salmon,Chinook,-,same,-,2013,10,1,-99,-99,-99,-99,-99,-99,-99,-99
"Salmon, Chinook (Puget Sound ESU)",-,South Fork Nooksack River - spring Chinook salmon,Chinook,-,same,-,2014,22,1,-99,-99,-99,-99,-99,-99,-99,-99
"Salmon, Chinook (Puget Sound ESU)",-,South Fork Nooksack River - spring Chinook salmon,Chinook,-,same,-,2015,7,1,-99,-99,-99,-99,-99,-99,-99,-99
"Salmon, Chinook (Puget Sound ESU)",-,South Fork Nooksack River - spring Chinook salmon,Chinook,-,same,-,2016,323,1,-99,-99,-99,-99,-99,-99,-99,-99
"Salmon, Chinook (Puget Sound ESU)",-,Suiattle River - spring Chinook salmon,Chinook,-,same,-,1999,208,1,-99,-99,-99,-99,-99,-99,-99,-99
"Salmon, Chinook (Puget Sound ESU)",-,Suiattle River - spring Chinook salmon,Chinook,-,same,-,2000,360,1,-99,-99,-99,-99,-99,-99,-99,-99
"Salmon, Chinook (Puget Sound ESU)",-,Suiattle River - spring Chinook salmon,Chinook,-,same,-,2001,688,1,-99,-99,-99,-99,-99,-99,-99,-99
"Salmon, Chinook (Puget Sound ESU)",-,Suiattle River - spring Chinook salmon,Chinook,-,same,-,2002,265,1,-99,-99,-99,-99,-99,-99,-99,-99
"Salmon, Chinook (Puget Sound ESU)",-,Suiattle River - spring Chinook salmon,Chinook,-,same,-,2003,353,1,-99,-99,-99,-99,-99,-99,-99,-99
"Salmon, Chinook (Puget Sound ESU)",-,Suiattle River - spring Chinook salmon,Chinook,-,same,-,2004,495,1,-99,-99,-99,-99,-99,-99,-99,-99
"Salmon, Chinook (Puget Sound ESU)",-,Suiattle River - spring Chinook salmon,Chinook,-,same,-,2005,518,1,-99,-99,-99,-99,-99,-99,-99,-99
"Salmon, Chinook (Puget Sound ESU)",-,Suiattle River - spring Chinook salmon,Chinook,-,same,-,2006,375,1,-99,-99,-99,-99,-99,-99,-99,-99
"Salmon, Chinook (Puget Sound ESU)",-,Suiattle River - spring Chinook salmon,Chinook,-,same,-,2007,108,1,-99,-99,-99,-99,-99,-99,-99,-99
"Salmon, Chinook (Puget Sound ESU)",-,Suiattle River - spring Chinook salmon,Chinook,-,same,-,2008,203,1,-99,-99,-99,-99,-99,-99,-99,-99
"Salmon, Chinook (Puget Sound ESU)",-,Suiattle River - spring Chinook salmon,Chinook,-,same,-,2009,273,1,-99,-99,-99,-99,-99,-99,-99,-99
"Salmon, Chinook (Puget Sound ESU)",-,Suiattle River - spring Chinook salmon,Chinook,-,same,-,2010,263,1,-99,-99,-99,-99,-99,-99,-99,-99
"Salmon, Chinook (Puget Sound ESU)",-,Suiattle River - spring Chinook salmon,Chinook,-,same,-,2011,215,1,-99,-99,-99,-99,-99,-99,-99,-99
"Salmon, Chinook (Puget Sound ESU)",-,Suiattle River - spring Chinook salmon,Chinook,-,same,-,2012,460,1,-99,-99,-99,-99,-99,-99,-99,-99
"Salmon, Chinook (Puget Sound ESU)",-,Suiattle River - spring Chinook salmon,Chinook,-,same,-,2013,620,1,-99,-99,-99,-99,-99,-99,-99,-99
"Salmon, Chinook (Puget Sound ESU)",-,Suiattle River - spring Chinook salmon,Chinook,-,same,-,2014,460,1,-99,-99,-99,-99,-99,-99,-99,-99
"Salmon, Chinook (Puget Sound ESU)",-,Suiattle River - spring Chinook salmon,Chinook,-,same,-,2015,478,1,-99,-99,-99,-99,-99,-99,-99,-99
"Salmon, Chinook (Puget Sound ESU)",-,Suiattle River - spring Chinook salmon,Chinook,-,same,-,2016,648,1,-99,-99,-99,-99,-99,-99,-99,-99
"Salmon, Chinook (Puget Sound ESU)",-,Suiattle River - spring Chinook salmon,Chinook,-,same,-,2017,898,1,-99,-99,-99,-99,-99,-99,-99,-99
"Salmon, Chinook (Puget Sound ESU)",-,Suiattle River - spring Chinook salmon,Chinook,-,same,-,2018,645,1,-99,-99,-99,-99,-99,-99,-99,-99
"Salmon, Chinook (Puget Sound ESU)",-,Upper Sauk River - spring Chinook salmon,Chinook,-,same,-,1999,180,1,-99,-99,-99,-99,-99,-99,-99,-99
"Salmon, Chinook (Puget Sound ESU)",-,Upper Sauk River - spring Chinook salmon,Chinook,-,same,-,2000,388,1,-99,-99,-99,-99,-99,-99,-99,-99
"Salmon, Chinook (Puget Sound ESU)",-,Upper Sauk River - spring Chinook salmon,Chinook,-,same,-,2001,543,1,-99,-99,-99,-99,-99,-99,-99,-99
"Salmon, Chinook (Puget Sound ESU)",-,Upper Sauk River - spring Chinook salmon,Chinook,-,same,-,2002,460,1,-99,-99,-99,-99,-99,-99,-99,-99
"Salmon, Chinook (Puget Sound ESU)",-,Upper Sauk River - spring Chinook salmon,Chinook,-,same,-,2003,193,1,-99,-99,-99,-99,-99,-99,-99,-99
"Salmon, Chinook (Puget Sound ESU)",-,Upper Sauk River - spring Chinook salmon,Chinook,-,same,-,2004,700,1,-99,-99,-99,-99,-99,-99,-99,-99
"Salmon, Chinook (Puget Sound ESU)",-,Upper Sauk River - spring Chinook salmon,Chinook,-,same,-,2005,308,1,-99,-99,-99,-99,-99,-99,-99,-99
"Salmon, Chinook (Puget Sound ESU)",-,Upper Sauk River - spring Chinook salmon,Chinook,-,same,-,2006,1043,1,-99,-99,-99,-99,-99,-99,-99,-99
"Salmon, Chinook (Puget Sound ESU)",-,Upper Sauk River - spring Chinook salmon,Chinook,-,same,-,2007,282,1,-99,-99,-99,-99,-99,-99,-99,-99
"Salmon, Chinook (Puget Sound ESU)",-,Upper Sauk River - spring Chinook salmon,Chinook,-,same,-,2008,983,1,-99,-99,-99,-99,-99,-99,-99,-99
"Salmon, Chinook (Puget Sound ESU)",-,Upper Sauk River - spring Chinook salmon,Chinook,-,same,-,2009,367,1,-99,-99,-99,-99,-99,-99,-99,-99
"Salmon, Chinook (Puget Sound ESU)",-,Upper Sauk River - spring Chinook salmon,Chinook,-,same,-,2010,768,1,-99,-99,-99,-99,-99,-99,-99,-99
"Salmon, Chinook (Puget Sound ESU)",-,Upper Sauk River - spring Chinook salmon,Chinook,-,same,-,2011,345,1,-99,-99,-99,-99,-99,-99,-99,-99
"Salmon, Chinook (Puget Sound ESU)",-,Upper Sauk River - spring Chinook salmon,Chinook,-,same,-,2012,1826,1,-99,-99,-99,-99,-99,-99,-99,-99
"Salmon, Chinook (Puget Sound ESU)",-,Upper Sauk River - spring Chinook salmon,Chinook,-,same,-,2013,1080,1,-99,-99,-99,-99,-99,-99,-99,-99
"Salmon, Chinook (Puget Sound ESU)",-,Upper Sauk River - spring Chinook salmon,Chinook,-,same,-,2014,923,1,-99,-99,-99,-99,-99,-99,-99,-99
"Salmon, Chinook (Puget Sound ESU)",-,Upper Sauk River - spring Chinook salmon,Chinook,-,same,-,2015,743,1,-99,-99,-99,-99,-99,-99,-99,-99
"Salmon, Chinook (Puget Sound ESU)",-,Upper Sauk River - spring Chinook salmon,Chinook,-,same,-,2016,1502,1,-99,-99,-99,-99,-99,-99,-99,-99
"Salmon, Chinook (Puget Sound ESU)",-,Upper Sauk River - spring Chinook salmon,Chinook,-,same,-,2017,1630,1,-99,-99,-99,-99,-99,-99,-99,-99
"Salmon, Chinook (Puget Sound ESU)",-,Upper Sauk River - spring Chinook salmon,Chinook,-,same,-,2018,1603,1,-99,-99,-99,-99,-99,-99,-99,-99
"Salmon, Chinook (Puget Sound ESU)",-,Upper Skagit River - summer Chinook salmon,Chinook,-,same,-,1999,3586,1,-99,-99,-99,-99,-99,-99,-99,-99
"Salmon, Chinook (Puget Sound ESU)",-,Upper Skagit River - summer Chinook salmon,Chinook,-,same,-,2000,13092,1,-99,-99,-99,-99,-99,-99,-99,-99
"Salmon, Chinook (Puget Sound ESU)",-,Upper Skagit River - summer Chinook salmon,Chinook,-,same,-,2001,10084,1,-99,-99,-99,-99,-99,-99,-99,-99
"Salmon, Chinook (Puget Sound ESU)",-,Upper Skagit River - summer Chinook salmon,Chinook,-,same,-,2002,13815,1,-99,-99,-99,-99,-99,-99,-99,-99
"Salmon, Chinook (Puget Sound ESU)",-,Upper Skagit River - summer Chinook salmon,Chinook,-,same,-,2003,7123,1,-99,-99,-99,-99,-99,-99,-99,-99
"Salmon, Chinook (Puget Sound ESU)",-,Upper Skagit River - summer Chinook salmon,Chinook,-,same,-,2004,20040,1,-99,-99,-99,-99,-99,-99,-99,-99
"Salmon, Chinook (Puget Sound ESU)",-,Upper Skagit River - summer Chinook salmon,Chinook,-,same,-,2005,16608,1,-99,-99,-99,-99,-99,-99,-99,-99
"Salmon, Chinook (Puget Sound ESU)",-,Upper Skagit River - summer Chinook salmon,Chinook,-,same,-,2006,16165,1,-99,-99,-99,-99,-99,-99,-99,-99
"Salmon, Chinook (Puget Sound ESU)",-,Upper Skagit River - summer Chinook salmon,Chinook,-,same,-,2007,9845,1,-99,-99,-99,-99,-99,-99,-99,-99
"Salmon, Chinook (Puget Sound ESU)",-,Upper Skagit River - summer Chinook salmon,Chinook,-,same,-,2008,8441,1,-99,-99,-99,-99,-99,-99,-99,-99
"Salmon, Chinook (Puget Sound ESU)",-,Upper Skagit River - summer Chinook salmon,Chinook,-,same,-,2009,5290,1,-99,-99,-99,-99,-99,-99,-99,-99
"Salmon, Chinook (Puget Sound ESU)",-,Upper Skagit River - summer Chinook salmon,Chinook,-,same,-,2010,6644,1,-99,-99,-99,-99,-99,-99,-99,-99
"Salmon, Chinook (Puget Sound ESU)",-,Upper Skagit River - summer Chinook salmon,Chinook,-,same,-,2011,4480,1,-99,-99,-99,-99,-99,-99,-99,-99
"Salmon, Chinook (Puget Sound ESU)",-,Upper Skagit River - summer Chinook salmon,Chinook,-,same,-,2012,9808,1,-99,-99,-99,-99,-99,-99,-99,-99
"Salmon, Chinook (Puget Sound ESU)",-,Upper Skagit River - summer Chinook salmon,Chinook,-,same,-,2013,8801,1,-99,-99,-99,-99,-99,-99,-99,-99
"Salmon, Chinook (Puget Sound ESU)",-,Upper Skagit River - summer Chinook salmon,Chinook,-,same,-,2014,8308,1,-99,-99,-99,-99,-99,-99,-99,-99
"Salmon, Chinook (Puget Sound ESU)",-,Upper Skagit River - summer Chinook salmon,Chinook,-,same,-,2015,10705,1,-99,-99,-99,-99,-99,-99,-99,-99
"Salmon, Chinook (Puget Sound ESU)",-,Upper Skagit River - summer Chinook salmon,Chinook,-,same,-,2016,15406,1,-99,-99,-99,-99,-99,-99,-99,-99
"Salmon, Chinook (Puget Sound ESU)",-,Upper Skagit River - summer Chinook salmon,Chinook,-,same,-,2017,7792,1,-99,-99,-99,-99,-99,-99,-99,-99
"Salmon, Chinook (Puget Sound ESU)",-,Upper Skagit River - summer Chinook salmon,Chinook,-,same,-,2018,8602,1,-99,-99,-99,-99,-99,-99,-99,-99
Steelhead (Puget Sound DPS),-,Cedar River - winter Steelhead,steelhead,-,partial,-,2007,8,1,-99,-99,-99,-99,-99,-99,-99,-99
Steelhead (Puget Sound DPS),-,Cedar River - winter Steelhead,steelhead,-,partial,-,2008,4,1,-99,-99,-99,-99,-99,-99,-99,-99
Steelhead (Puget Sound DPS),-,Cedar River - winter Steelhead,steelhead,-,partial,-,2009,0,1,-99,-99,-99,-99,-99,-99,-99,-99
Steelhead (Puget Sound DPS),-,Cedar River - winter Steelhead,steelhead,-,partial,-,2010,2,1,-99,-99,-99,-99,-99,-99,-99,-99
Steelhead (Puget Sound DPS),-,Cedar River - winter Steelhead,steelhead,-,partial,-,2011,4,1,-99,-99,-99,-99,-99,-99,-99,-99
Steelhead (Puget Sound DPS),-,Cedar River - winter Steelhead,steelhead,-,partial,-,2012,0,1,-99,-99,-99,-99,-99,-99,-99,-99
Steelhead (Puget Sound DPS),-,Cedar River - winter Steelhead,steelhead,-,partial,-,2013,8,1,-99,-99,-99,-99,-99,-99,-99,-99
Steelhead (Puget Sound DPS),-,Cedar River - winter Steelhead,steelhead,-,partial,-,2014,0,1,-99,-99,-99,-99,-99,-99,-99,-99
Steelhead (Puget Sound DPS),-,Cedar River - winter Steelhead,steelhead,-,partial,-,2015,6,1,-99,-99,-99,-99,-99,-99,-99,-99
Steelhead (Puget Sound DPS),-,Cedar River - winter Steelhead,steelhead,-,partial,-,2016,10,1,-99,-99,-99,-99,-99,-99,-99,-99
Steelhead (Puget Sound DPS),-,Cedar River - winter Steelhead,steelhead,-,partial,-,2017,0,1,-99,-99,-99,-99,-99,-99,-99,-99
Steelhead (Puget Sound DPS),-,Cedar River - winter Steelhead,steelhead,-,partial,-,2018,4,1,-99,-99,-99,-99,-99,-99,-99,-99
Steelhead (Puget Sound DPS),-,Cedar River - winter Steelhead,steelhead,-,partial,-,2019,0,1,-99,-99,-99,-99,-99,-99,-99,-99
Steelhead (Puget Sound DPS),-,Green River - winter Steelhead,steelhead,-,same,-,2007,1452,1,-99,-99,-99,-99,-99,-99,-99,-99
Steelhead (Puget Sound DPS),-,Green River - winter Steelhead,steelhead,-,same,-,2008,833,1,-99,-99,-99,-99,-99,-99,-99,-99
Steelhead (Puget Sound DPS),-,Green River - winter Steelhead,steelhead,-,same,-,2009,304,1,-99,-99,-99,-99,-99,-99,-99,-99
Steelhead (Puget Sound DPS),-,Green River - winter Steelhead,steelhead,-,same,-,2010,423,1,-99,-99,-99,-99,-99,-99,-99,-99
Steelhead (Puget Sound DPS),-,Green River - winter Steelhead,steelhead,-,same,-,2011,855,1,-99,-99,-99,-99,-99,-99,-99,-99
Steelhead (Puget Sound DPS),-,Green River - winter Steelhead,steelhead,-,same,-,2012,392,1,-99,-99,-99,-99,-99,-99,-99,-99
Steelhead (Puget Sound DPS),-,Green River - winter Steelhead,steelhead,-,same,-,2013,656,1,-99,-99,-99,-99,-99,-99,-99,-99
Steelhead (Puget Sound DPS),-,Green River - winter Steelhead,steelhead,-,same,-,2014,997,1,-99,-99,-99,-99,-99,-99,-99,-99
Steelhead (Puget Sound DPS),-,Green River - winter Steelhead,steelhead,-,same,-,2015,1622,1,-99,-99,-99,-99,-99,-99,-99,-99
Steelhead (Puget Sound DPS),-,Green River - winter Steelhead,steelhead,-,same,-,2016,2145,1,-99,-99,-99,-99,-99,-99,-99,-99
Steelhead (Puget Sound DPS),-,Green River - winter Steelhead,steelhead,-,same,-,2017,1002,1,-99,-99,-99,-99,-99,-99,-99,-99
Steelhead (Puget Sound DPS),-,Green River - winter Steelhead,steelhead,-,same,-,2018,944,1,-99,-99,-99,-99,-99,-99,-99,-99
Steelhead (Puget Sound DPS),-,Green River - winter Steelhead,steelhead,-,same,-,2019,972,1,-99,-99,-99,-99,-99,-99,-99,-99
Steelhead (Puget Sound DPS),-,Puyallup River/Carbon River - winter Steelhead,steelhead,-,partial,-,2007,509,1,-99,-99,-99,-99,-99,-99,-99,-99
Steelhead (Puget Sound DPS),-,Puyallup River/Carbon River - winter Steelhead,steelhead,-,partial,-,2008,401,1,-99,-99,-99,-99,-99,-99,-99,-99
Steelhead (Puget Sound DPS),-,Puyallup River/Carbon River - winter Steelhead,steelhead,-,partial,-,2009,241,1,-99,-99,-99,-99,-99,-99,-99,-99
Steelhead (Puget Sound DPS),-,Puyallup River/Carbon River - winter Steelhead,steelhead,-,partial,-,2010,472,1,-99,-99,-99,-99,-99,-99,-99,-99
Steelhead (Puget Sound DPS),-,Puyallup River/Carbon River - winter Steelhead,steelhead,-,partial,-,2011,329,1,-99,-99,-99,-99,-99,-99,-99,-99
Steelhead (Puget Sound DPS),-,Puyallup River/Carbon River - winter Steelhead,steelhead,-,partial,-,2012,233,1,-99,-99,-99,-99,-99,-99,-99,-99
Steelhead (Puget Sound DPS),-,Puyallup River/Carbon River - winter Steelhead,steelhead,-,partial,-,2013,447,1,-99,-99,-99,-99,-99,-99,-99,-99
Steelhead (Puget Sound DPS),-,Puyallup River/Carbon River - winter Steelhead,steelhead,-,partial,-,2014,531,1,-99,-99,-99,-99,-99,-99,-99,-99
Steelhead (Puget Sound DPS),-,Puyallup River/Carbon River - winter Steelhead,steelhead,-,partial,-,2015,926,1,-99,-99,-99,-99,-99,-99,-99,-99
Steelhead (Puget Sound DPS),-,Puyallup River/Carbon River - winter Steelhead,steelhead,-,partial,-,2016,1563,1,-99,-99,-99,-99,-99,-99,-99,-99
Steelhead (Puget Sound DPS),-,Puyallup River/Carbon River - winter Steelhead,steelhead,-,partial,-,2017,672,1,-99,-99,-99,-99,-99,-99,-99,-99
Steelhead (Puget Sound DPS),-,Puyallup River/Carbon River - winter Steelhead,steelhead,-,partial,-,2018,974,1,-99,-99,-99,-99,-99,-99,-99,-99
Steelhead (Puget Sound DPS),-,Puyallup River/Carbon River - winter Steelhead,steelhead,-,partial,-,2019,847,1,-99,-99,-99,-99,-99,-99,-99,-99
Steelhead (Puget Sound DPS),-,Sequim/Discovery Bays Tributaries - winter Steelhead,steelhead,-,partial,-,2007,34,1,-99,-99,-99,-99,-99,-99,-99,-99
Steelhead (Puget Sound DPS),-,Sequim/Discovery Bays Tributaries - winter Steelhead,steelhead,-,partial,-,2008,8,1,-99,-99,-99,-99,-99,-99,-99,-99
Steelhead (Puget Sound DPS),-,Sequim/Discovery Bays Tributaries - winter Steelhead,steelhead,-,partial,-,2009,16,1,-99,-99,-99,-99,-99,-99,-99,-99
Steelhead (Puget Sound DPS),-,Sequim/Discovery Bays Tributaries - winter Steelhead,steelhead,-,partial,-,2010,10,1,-99,-99,-99,-99,-99,-99,-99,-99
Steelhead (Puget Sound DPS),-,Sequim/Discovery Bays Tributaries - winter Steelhead,steelhead,-,partial,-,2011,34,1,-99,-99,-99,-99,-99,-99,-99,-99
Steelhead (Puget Sound DPS),-,Sequim/Discovery Bays Tributaries - winter Steelhead,steelhead,-,partial,-,2012,21,1,-99,-99,-99,-99,-99,-99,-99,-99
Steelhead (Puget Sound DPS),-,Sequim/Discovery Bays Tributaries - winter Steelhead,steelhead,-,partial,-,2013,50,1,-99,-99,-99,-99,-99,-99,-99,-99
Steelhead (Puget Sound DPS),-,Sequim/Discovery Bays Tributaries - winter Steelhead,steelhead,-,partial,-,2014,8,1,-99,-99,-99,-99,-99,-99,-99,-99
Steelhead (Puget Sound DPS),-,Sequim/Discovery Bays Tributaries - winter Steelhead,steelhead,-,partial,-,2015,24,1,-99,-99,-99,-99,-99,-99,-99,-99
Steelhead (Puget Sound DPS),-,Sequim/Discovery Bays Tributaries - winter Steelhead,steelhead,-,partial,-,2016,13,1,-99,-99,-99,-99,-99,-99,-99,-99
Steelhead (Puget Sound DPS),-,Sequim/Discovery Bays Tributaries - winter Steelhead,steelhead,-,partial,-,2017,39,1,-99,-99,-99,-99,-99,-99,-99,-99
Steelhead (Puget Sound DPS),-,Stillaguamish River - winter Steelhead,steelhead,-,partial,-,2007,672,1,-99,-99,-99,-99,-99,-99,-99,-99
Steelhead (Puget Sound DPS),-,Stillaguamish River - winter Steelhead,steelhead,-,partial,-,2008,306,1,-99,-99,-99,-99,-99,-99,-99,-99
Steelhead (Puget Sound DPS),-,Stillaguamish River - winter Steelhead,steelhead,-,partial,-,2009,120,1,-99,-99,-99,-99,-99,-99,-99,-99
Steelhead (Puget Sound DPS),-,Stillaguamish River - winter Steelhead,steelhead,-,partial,-,2010,372,1,-99,-99,-99,-99,-99,-99,-99,-99
Steelhead (Puget Sound DPS),-,Stillaguamish River - winter Steelhead,steelhead,-,partial,-,2011,362,1,-99,-99,-99,-99,-99,-99,-99,-99
Steelhead (Puget Sound DPS),-,Stillaguamish River - winter Steelhead,steelhead,-,partial,-,2012,340,1,-99,-99,-99,-99,-99,-99,-99,-99
Steelhead (Puget Sound DPS),-,Stillaguamish River - winter Steelhead,steelhead,-,partial,-,2013,514,1,-99,-99,-99,-99,-99,-99,-99,-99
Steelhead (Puget Sound DPS),-,Stillaguamish River - winter Steelhead,steelhead,-,partial,-,2014,362,1,-99,-99,-99,-99,-99,-99,-99,-99
Steelhead (Puget Sound DPS),-,Stillaguamish River - winter Steelhead,steelhead,-,partial,-,2015,566,1,-99,-99,-99,-99,-99,-99,-99,-99
Steelhead (Puget Sound DPS),-,Stillaguamish River - winter Steelhead,steelhead,-,partial,-,2016,684,1,-99,-99,-99,-99,-99,-99,-99,-99
Steelhead (Puget Sound DPS),-,Stillaguamish River - winter Steelhead,steelhead,-,partial,-,2017,428,1,-99,-99,-99,-99,-99,-99,-99,-99
Steelhead (Puget Sound DPS),-,Stillaguamish River - winter Steelhead,steelhead,-,partial,-,2018,422,1,-99,-99,-99,-99,-99,-99,-99,-99
Steelhead (Puget Sound DPS),-,Stillaguamish River - winter Steelhead,steelhead,-,partial,-,2019,390,1,-99,-99,-99,-99,-99,-99,-99,-99
Steelhead (Puget Sound DPS),-,Strait of Juan de Fuca Tributaries - winter Steelhead,steelhead,-,partial,-,2007,63,1,-99,-99,-99,-99,-99,-99,-99,-99
Steelhead (Puget Sound DPS),-,Strait of Juan de Fuca Tributaries - winter Steelhead,steelhead,-,partial,-,2008,49,1,-99,-99,-99,-99,-99,-99,-99,-99
Steelhead (Puget Sound DPS),-,Strait of Juan de Fuca Tributaries - winter Steelhead,steelhead,-,partial,-,2009,63,1,-99,-99,-99,-99,-99,-99,-99,-99
Steelhead (Puget Sound DPS),-,Strait of Juan de Fuca Tributaries - winter Steelhead,steelhead,-,partial,-,2010,193,1,-99,-99,-99,-99,-99,-99,-99,-99
Steelhead (Puget Sound DPS),-,Strait of Juan de Fuca Tributaries - winter Steelhead,steelhead,-,partial,-,2011,100,1,-99,-99,-99,-99,-99,-99,-99,-99
Steelhead (Puget Sound DPS),-,Strait of Juan de Fuca Tributaries - winter Steelhead,steelhead,-,partial,-,2012,147,1,-99,-99,-99,-99,-99,-99,-99,-99
Steelhead (Puget Sound DPS),-,Strait of Juan de Fuca Tributaries - winter Steelhead,steelhead,-,partial,-,2013,163,1,-99,-99,-99,-99,-99,-99,-99,-99
Steelhead (Puget Sound DPS),-,Strait of Juan de Fuca Tributaries - winter Steelhead,steelhead,-,partial,-,2014,171,1,-99,-99,-99,-99,-99,-99,-99,-99
Steelhead (Puget Sound DPS),-,Strait of Juan de Fuca Tributaries - winter Steelhead,steelhead,-,partial,-,2015,99,1,-99,-99,-99,-99,-99,-99,-99,-99
Steelhead (Puget Sound DPS),-,Strait of Juan de Fuca Tributaries - winter Steelhead,steelhead,-,partial,-,2016,58,1,-99,-99,-99,-99,-99,-99,-99,-99
Steelhead (Puget Sound DPS),-,Strait of Juan de Fuca Tributaries - winter Steelhead,steelhead,-,partial,-,2017,32,1,-99,-99,-99,-99,-99,-99,-99,-99
Steelhead (Puget Sound DPS),-,Strait of Juan de Fuca Tributaries - winter Steelhead,steelhead,-,partial,-,2018,45,1,-99,-99,-99,-99,-99,-99,-99,-99
Steelhead (Puget Sound DPS),-,Strait of Juan de Fuca Tributaries - winter Steelhead,steelhead,-,partial,-,2019,150,1,-99,-99,-99,-99,-99,-99,-99,-99
